{
"Azeroth":[175.999949900001,4058.719974167,17664.0001104,11872.320074202],
"Tirisfal":[6736.000029964,6350.0001056747,2168.99995496265,1445.9999211471],
"Silverpine":[6536.0001068372,7392.0000145296,2015.9998954128,1343.9999498064],
"DunMorogh":[7327.00003365775,10052.9999725672,2363.9998975878,1575.9999707908],
"Elwynn":[7455.00001492335,12002.9998675675,1665.9999713533,1110.99985068295],
"Duskwood":[7792.00000726576,12855.9997166524,1295.99997880464,864.0000053856],
"LochModan":[9148.99994738765,10346.0000134625,1323.9999106174,882.999849267549],
"Redridge":[8975.999965836,12159.9997123024,1535.9998924128,1024.0003188976],
"Westfall":[6744.0000690732,12704.0000282,1679.99992261104,1119.999850744],
"":[]}