{
"Kalimdor":[525.439952084001,2353.279963508,17066.880106668,11521.920072012],
"Durotar":[8928.99998507665,7086.0000712107,2948.99995983765,1965.9999146347],
"Mulgore":[6963.19999232,8192,2949.120018432,1966.080012288],
"Teldrassil":[6432.0000671232,2560.000121056,2303.9998972128,1536.0000095952],
"Darkshore":[6780.0000692982,4192.0001312512,3143.9999024628,2095.999934972],
"Ashenvale":[7376.0000534936,5949.00006410445,2767.9998805832,1844.99995293909],
"":[]}